sinhala_exam,math_exam,sinhala_incorrect_ratio,math_incorrect_ratio,weakness
78,91,0.4753571532049581,0.36599697090570255,0
60,78,0.22291637642679557,0.04998745790900144,0
50,63,0.16685430556951092,0.07143340896097039,1
42,61,0.028205789513550128,0.36099938613341237,0
69,77,0.00038938292050716417,0.49610577964560876,0
72,51,0.30582658024414044,0.003533152609858703,0
64,88,0.2623873301291946,0.19993048585762774,0
67,99,0.18318092164684585,0.22803499210851796,0
86,90,0.19123099563358137,0.4916154429033941,0
96,42,0.4299702033681603,0.34015376929388985,0
48,78,0.006632480579933264,0.4711008778424264,0
53,89,0.19270825126995805,0.007983126110107097,1
41,59,0.12051273301300586,0.3416317594127291,0
83,47,0.017194260557609198,0.45466020103939103,0
75,89,0.331261142176991,0.15585553804470548,1
45,93,0.2733551396716398,0.09242722776276352,1
57,65,0.22487706668488283,0.1975751180009072,1
75,53,0.36363599792821044,0.1632703844029177,0
53,62,0.26041713001291183,0.48058601217467456,0
60,55,0.37366005506869043,0.2698460661945399,0
63,65,0.482627653632069,0.30351712384334234,0
84,80,0.1481367528520412,0.08263346953150125,0
64,46,0.2117007403531848,0.19744075908778486,0
47,63,0.007039911357542228,0.09942120204440258,1
47,74,0.3950877702656028,0.3029799873905057,0
81,78,0.32553851275097223,0.4574798377718904,0
48,47,0.2247253370691017,0.047705058245205656,0
94,62,0.33442062633180364,0.33296117830874833,0
83,79,0.13736089649503208,0.2806217129238506,0
74,76,0.4858560476945519,0.42445691213304193,0
44,65,0.11799245987447787,0.12803416138066198,1
66,48,0.3553314448428937,0.05544541040591566,0
99,52,0.1008596011676981,0.4478817978367597,0
88,91,0.28163778598819184,0.34775804321306375,0
76,62,0.3022086896389086,0.26992054565083656,1
68,75,0.4714267852789905,0.299432733244268,1
90,61,0.44023391950762886,0.3121770240668966,0
96,92,0.43573029509385885,0.40183603844955723,0
83,59,0.4462794992449889,0.26967112095782536,0
97,94,0.4480456499617466,0.15900173748593194,1
72,40,0.11396758127097084,0.21355389431312816,0
91,52,0.4303652916281717,0.0034760652655953517,0
47,66,0.2087055015743895,0.11105390523536512,1
90,81,0.16880758570181398,0.4714548519562596,0
93,71,0.25939531087168305,0.3515094794475889,0
88,88,0.12695770696717235,0.1234380314193006,0
78,41,0.356135294962221,0.07404346497669995,0
95,56,0.1333905071376425,0.48830747791632645,0
67,93,0.016525366450274193,0.1725356240133415,0
40,58,0.3403527257773834,0.2654672916585682,0
65,71,0.276446544535664,0.29634836193969677,0
94,50,0.18482722803070223,0.12107996913871294,0
77,63,0.2351503172230192,0.4917115704474215,0
61,50,0.40821593660969197,0.39917256249227556,0
48,99,0.25409938837035934,0.34790640339544093,0
42,59,0.16297945260094238,0.11012052378277415,0
65,42,0.4047505230698577,0.1743329936458647,0
46,91,0.470261632244802,0.19878601054376116,1
78,57,0.418855052953664,0.33784505851964036,0
96,64,0.10453581036885684,0.2707239869137829,0
81,74,0.11427501089864983,0.08747746354796809,0
87,96,0.25831794563550714,0.1304145874152045,0
40,87,0.4827096756443968,0.2791467268035488,1
71,98,0.09435355417068969,0.13943567629609094,0
58,87,0.42333057111915295,0.4281621459390462,0
93,95,0.4438850493804799,0.42546422438375636,0
88,47,0.3926703255569718,0.3344941273571143,0
74,87,0.05073577143301605,0.3317508845540279,0
68,57,0.08040402570874933,0.27436689468329306,0
93,74,0.32598062975130027,0.11213465473027989,1
72,43,0.11862454374840004,0.16269984907963386,0
59,95,0.32481644952360733,0.42461170524708897,0
56,72,0.27127011527744965,0.25440703841938,1
61,94,0.12523090930279207,0.29493542378027193,0
77,84,0.24337107647972755,0.453049393859277,0
66,73,0.17503920384733784,0.3225516810152824,0
86,72,0.09762149389902225,0.36122605763075266,0
58,43,0.01215798321572692,0.3227361479535839,0
56,83,0.47022929217645715,0.4769642885012937,0
92,45,0.1850793501277222,0.007728308264433714,0
63,68,0.21409207415865716,0.4833274095218348,0
74,99,0.42650472773368003,0.14722444603479284,1
60,71,0.42556833575842845,0.15846100257813883,1
57,64,0.1973457334047361,0.4221065703631557,0
42,79,0.03520806542477195,0.10445935880768009,1
86,61,0.17932339064808195,0.12708182453486938,0
81,41,0.16127538211930026,0.4243348974623372,0
48,82,0.3544554984550593,0.27640998845395387,1
81,94,0.20989042822313825,0.12810347179722903,0
63,52,0.04079709020012018,0.002592431386993388,0
75,84,0.09713697675602112,0.03547045849996383,0
85,55,0.025384265519698468,0.44330857447532995,0
54,67,0.28943244775377935,0.21923706150904348,1
61,90,0.23279900906623008,0.2713223173537883,0
61,97,0.4302023091558376,0.12512568025793203,1
81,45,0.1516327573366114,0.2685412135983277,0
76,72,0.4139345018937943,0.13577145790987094,1
83,44,0.22863258080686427,0.4210115375059907,0
71,91,0.20567695252833929,0.3497561053835969,0
79,91,0.0663727111214849,0.4847684335570795,0
81,69,0.020533758383937895,0.19941045072239727,0
58,67,0.3720213214995577,0.1254302636733306,1
65,92,0.040436483308598836,0.21415723747005388,0
51,92,0.029096797754221804,0.45760686381324023,0
86,73,0.11989367957870162,0.046936645040645875,0
64,79,0.46730699866985487,0.3191352969216752,0
78,44,0.3058603731171761,0.20980003121389496,0
51,65,0.1779863393256308,0.37892305523218456,0
96,68,0.05803632025345812,0.023001321010876374,0
88,69,0.4277302920055036,0.35182892969001184,0
51,55,0.04891708032550074,0.24580793755841618,0
78,75,0.08660093495500759,0.21692582461898652,0
62,97,0.30792504902610823,0.3175468254338219,0
73,91,0.1873063073132356,0.3129299578571182,0
97,71,0.42824492059416114,0.3293468158094725,0
43,55,0.03528437370021492,0.3212096391031578,0
88,67,0.29288779063673165,0.4701151207124788,0
63,51,0.19408496310326095,0.3216441092211766,0
72,90,0.4103197378719777,0.3129698350507864,0
40,72,0.325742385928894,0.10334217993837269,1
68,52,0.10729455985418707,0.18862954161398793,0
90,89,0.3415033867081784,0.035594324230114494,1
47,68,0.4224376554847273,0.011635967867912933,1
73,90,0.14092738738669996,0.05908241381082813,0
92,89,0.314471423389942,0.4387360067635265,0
75,64,0.4017404651924243,0.14101728628565324,1
49,76,0.37530737582042917,0.403417369633632,0
88,74,0.20630883845571324,0.18600904289639159,0
78,71,0.17040177012650892,0.46537866280178236,0
76,51,0.21449701368750917,0.3754355338957487,0
64,74,0.051561934417966304,0.45127645333978333,0
59,87,0.19480904310960173,0.14881758725465544,1
58,88,0.026742648373684452,0.47927074844159917,0
58,51,0.1774525952313603,0.47840044256322817,0
70,91,0.28671894406164306,0.31591860608489963,0
92,44,0.14660538584903227,0.16433227268495798,0
98,60,0.37618726471884,0.39578952186292427,0
96,78,0.045603051524345184,0.24721015235129074,0
78,53,0.27476444116186777,0.2207652506866885,0
62,68,0.17545750627603934,0.05853350821380293,0
51,48,0.3807553158587361,0.30910903165813053,0
77,46,0.21304573752347056,0.11128820878551526,0
48,89,0.4459484543883883,0.07330241084601274,1
68,76,0.1166140362122639,0.29065270861339115,0
84,40,0.4401799843192084,0.11834259684103937,0
46,64,0.29594436941064217,0.17510912335015677,1
99,70,0.24083349398205767,0.18899379506112723,0
78,66,0.12436207721514397,0.16512626450954926,0
42,84,0.005676822383709534,0.23433032099706314,1
97,59,0.05940895813403596,0.05876312338855244,0
80,78,0.37302243963271164,0.2916843825485798,1
96,99,0.14285604314093037,0.43429956409473014,0
77,92,0.48161126972030566,0.006077237344908171,1
71,84,0.021579955975288057,0.44557155684903554,0
93,60,0.49648239805965017,0.03689828236769943,1
74,58,0.4846512678095495,0.2615489220850744,0
80,88,0.3478743444923086,0.22727053238388661,1
92,93,0.2921571559615501,0.4505790052454945,0
96,50,0.14048159479611516,0.47520574203827937,0
47,77,0.22782837639285647,0.31006629890076837,0
47,97,0.09406057986188066,0.23184920246999108,1
97,99,0.29182805592543604,0.03886731848249242,0
80,75,0.49310537223980144,0.34908085700987257,0
56,48,0.15476380814316387,0.40689750985347434,0
67,87,0.08130846967244565,0.45546359224692123,0
45,57,0.2083195288692396,0.29058131059041314,0
64,41,0.04137421001765307,0.43833074296289637,0
98,84,0.08241713056850047,0.20562755829268453,0
93,40,0.24018504093317733,0.49264302533275217,0
50,60,0.37478914998803603,0.19649472448942956,1
98,66,0.2845407345828738,0.03175591479500067,0
80,74,0.0669260594003166,0.0068359824134986424,0
94,45,0.345857198584456,0.26717313751473154,0
44,77,0.4565828761288214,0.292574766162736,1
92,76,0.37854060102122794,0.18892527463789321,1
60,53,0.10252266425326245,0.12572121975589923,0
84,52,0.10361382450402823,0.4391103337395961,0
79,71,0.02344823389560996,0.13433624101265368,0
78,65,0.24908259332294647,0.2381053483945071,0
42,98,0.1538886198855247,0.4081928676065312,0
83,44,0.04420411168282329,0.39590891973481646,0
56,87,0.24002298350923756,0.21026788933253754,1
76,60,0.3196806784871212,0.40252233375968094,0
78,77,0.308631856048646,0.49023136254618893,0
89,73,0.3183221608111413,0.27740780427111283,1
90,73,0.17412773351165017,0.2569947445799054,0
63,54,0.19827139116063508,0.31104335011393675,0
90,56,0.47476031182882106,0.07353674046451897,0
95,56,0.2460581465397691,0.12912219414947917,0
63,44,0.4900162876427385,0.2463090469964348,0
52,82,0.2898249672358692,0.17078160522827251,1
86,96,0.23005957949178601,0.29238305297457684,0
50,93,0.3488337868484659,0.09003363617464927,1
43,95,0.20583060717876406,0.43715880242720856,0
66,68,0.48655517463505216,0.3009676977704801,0
90,58,0.4108953184222246,0.17254131391119337,0
81,61,0.044351266878527806,0.060317935550300406,0
80,51,0.10316685920289625,0.18213493052403773,0
53,65,0.34519741431468265,0.019656069920549468,1
96,86,0.3139501947454539,0.040879515974435954,1
69,82,0.4604362002659066,0.030538979927431875,1
65,75,0.40310063989653067,0.3741298451918292,0
91,54,0.26829532299366626,0.46202087955371657,0
53,65,0.3799777044687928,0.265632876986767,1
41,84,0.031170681255620725,0.07386954595311335,1
90,46,0.34358275270166555,0.4222203363168144,0
82,86,0.01523607636679708,0.43360749053736164,0
77,74,0.19858191625204125,0.05243458326624045,0
94,76,0.09114193923797903,0.2819825460094182,0
56,78,0.044602164356028096,0.26766778200776176,1
64,56,0.17146343213913012,0.23698497071527808,0
49,42,0.324411420145788,0.2397910508771251,0
75,86,0.36841123769745643,0.2788711329752187,1
79,88,0.28222927126132064,0.18938631297564468,0
76,45,0.44982369857250615,0.3037776111467864,0
98,95,0.2491238489244701,0.165174240640457,0
96,72,0.00376718156703737,0.11266639885626412,0
45,94,0.24390490040436896,0.4254087589180731,0
69,70,0.02782674467848767,0.4211570176490908,0
42,90,0.009121240714180523,0.34848073118321077,0
63,70,0.4483051314870104,0.28799920890283,1
50,43,0.0026500031988027084,0.48753358147257125,0
69,95,0.36144804831088784,0.4104307365766763,0
41,54,0.26751836602245527,0.238309742063206,0
84,83,0.10253878007472955,0.4839970332521171,0
43,58,0.09975346366915988,0.3681235918492441,0
51,86,0.35361504782222225,0.3838897507214194,0
77,76,0.2530519781796735,0.46600717112846707,0
52,82,0.2969415487789494,0.18461524075494806,1
95,49,0.2743015589690766,0.27446098994448864,0
41,52,0.34228577393991666,0.043934055621328405,0
76,48,0.3801139299448433,0.29781937030392214,0
63,77,0.20592045707363427,0.17443413327149765,0
88,44,0.41530970389386457,0.4825134553332563,0
53,92,0.36543373760182213,0.4691702284105189,0
51,74,0.03324813368338875,0.3705603246450295,0
61,99,0.42091438837913603,0.06988618831314475,1
80,76,0.10081366002387226,0.08182797143285225,0
60,76,0.40728736011569106,0.33259861034810007,0
65,43,0.1580982911482473,0.29415333789752834,0
57,79,0.22597430064951962,0.356891227427663,0
71,90,0.3120507720909188,0.2698905309573165,1
54,72,0.11610634757340865,0.44978728663728423,0
94,41,0.2717764305569943,0.45323605548227347,0
90,78,0.058449020354182035,0.46991606180673756,0
46,90,0.16745280732854306,0.06963603633169363,1
54,86,0.31003637796425676,0.26673054598816076,1
78,66,0.3942986056122654,0.07583743986637559,1
72,76,0.38928596952537553,0.07156399277423481,1
43,61,0.3570320411118071,0.24699074356543133,1
49,72,0.05145801537207251,0.2682406757422974,1
86,75,0.22850010964083917,0.30197893603625625,0
54,68,0.26993031855641836,0.2431787409978039,1
43,51,0.38594099029912254,0.006101536159022258,0
90,90,0.2827541736614869,0.3580895373664761,0
66,44,0.41339941390453916,0.4795373972820139,0
79,77,0.11367549151499351,0.21179843121024144,0
65,85,0.3074751315763272,0.45592620442148235,0
79,57,0.3057271177173239,0.009055091910420254,0
99,82,0.4660591412418062,0.28256659179460447,1
43,44,0.46124969058864784,0.3536193171566993,0
81,88,0.2881441800834066,0.30335752319142795,0
93,90,0.3682221178123614,0.4671835073845074,0
61,50,0.22541968570206605,0.056619022920377626,0
60,65,0.41944904322296706,0.06233134060163342,1
96,40,0.43494818103106414,0.25941902856303606,0
79,54,0.19950135193506513,0.027380819411015667,0
48,49,0.4014267242990057,0.0023160115023014294,0
80,74,0.19908434679547166,0.26869780146896144,0
50,77,0.17317299718298063,0.17347660094811385,1
73,66,0.22610897044490358,0.11230241146999098,0
83,98,0.07042851018989993,0.08819349325311165,0
46,91,0.20946272475227395,0.45742295053405,0
88,68,0.2902941751390217,0.3161321439597652,0
67,89,0.3317686860083553,0.08901798343487571,1
59,80,0.07433136387655648,0.20731206186351187,1
67,79,0.2510975051656213,0.2976925086600219,0
52,69,0.3749802351995889,0.10495279654779288,1
58,71,0.23411591422068967,0.31248799352552614,0
68,69,0.41828240664616645,0.29372680211703717,1
40,53,0.3570295998949141,0.2638238650723929,0
93,67,0.24054397419379298,0.2485059744106245,0
90,43,0.09096406524763556,0.43089281050675865,0
78,42,0.18665465813987647,0.13537233657177689,0
85,73,0.2043670855490482,0.01269317783017243,0
67,71,0.35798611442369876,0.3294619709550757,0
40,96,0.11098608096647472,0.1155373982940357,1
98,47,0.05205429099228692,0.3999580426865947,0
42,90,0.32637305392593735,0.11909139052336326,1
73,74,0.12158609549972704,0.3611334659278296,0
95,85,0.4151099322834958,0.1985917648092274,1
76,93,0.10249214770791049,0.14657386513050663,0
87,57,0.006500961755368018,0.04275426542723404,0
62,60,0.013266101936909858,0.09071771754489866,0
75,68,0.21071227529624897,0.4463358555384874,0
86,44,0.17090867584893799,0.12971171671564624,0
41,42,0.29514747125740387,0.13403182041143813,0
44,76,0.2047058260956202,0.2760235904259901,1
73,92,0.14723287977095884,0.47422665348107834,0
61,83,0.07005658788322627,0.4342339879489564,0
95,98,0.4472761134470457,0.3999276279736576,0
56,89,0.011234654160058699,0.13433867969247304,1
79,41,0.31673910991307364,0.12894384271660114,0
93,61,0.41746511839964956,0.49220109035177606,0
97,68,0.08583964292415175,0.13615366325968448,0
50,45,0.4571494032802495,0.05887554144507057,0
75,80,0.137027610343603,0.2770890012578967,0
64,77,0.4148709018536008,0.1032106358803016,1
81,61,0.06844281503440364,0.45000932092405255,0
45,66,0.29870655108515415,0.3002584302168267,0
96,92,0.0876856393117248,0.4572059729624799,0
65,60,0.19156926412474873,0.25945885264141877,0
41,99,0.4793135886566103,0.0921854603394816,1
92,75,0.38549296276773926,0.03412485267704579,1
50,79,0.21859669817862176,0.457756838645957,0
98,78,0.3052023335039788,0.47465339852888283,0
94,86,0.47704346826981653,0.06750063871060347,1
95,72,0.13495561119609745,0.2699213894540967,0
58,74,0.4207648301550217,0.42320392465727863,0
98,84,0.07733607044161811,0.31166627545249537,0
41,92,0.1721918660221166,0.1757700805671094,1
40,64,0.3524627748444765,0.2991430291340773,1
64,78,0.037966705184811045,0.03888267203947854,0
83,83,0.4838496941035432,0.0026269092791924575,1
51,58,0.15729827840470545,0.4037151259083806,0
88,56,0.4751186769104012,0.22300288647897787,0
86,51,0.27095047368917907,0.43647291793820414,0
47,70,0.40328057393072486,0.3293916833553587,0
93,55,0.42459782578265964,0.12483400442959297,0
64,51,0.11060472090980111,0.4938340039983235,0
84,65,0.01971340568425295,0.35278758625784423,0
46,56,0.09028767256366677,0.28397261527631473,0
97,46,0.01697298929289942,0.34871013362341996,0
48,90,0.4621980976882652,0.4855291225826839,0
62,68,0.23710710832873189,0.4310213254946567,0
78,74,0.15955023662162782,0.4144577370753387,0
56,53,0.2981349392410265,0.11500441864385152,0
99,84,0.03847660081460458,0.3481443879390699,0
79,65,0.3623833857643807,0.032678170399471185,1
54,95,0.2697456461876686,0.39536158241948177,0
64,52,0.31294568821850455,0.44298887411809357,0
81,83,0.11647973737681688,0.01220039077826901,0
81,73,0.010634705425193569,0.4373508363420997,0
52,57,0.4695338492564481,0.3993916178868327,0
78,85,0.17535590772585508,0.38359414446556345,0
68,92,0.23989066342825238,0.29037860361366385,0
83,86,0.19914369198781778,0.04584966755571507,0
78,59,0.36879115079444574,0.11938857288415117,0
42,84,0.17731107882038827,0.14361949582704087,1
43,57,0.11680387552495497,0.02104659481818094,0
40,92,0.4938611948680158,0.21388656686793117,1
88,96,0.3398236413465349,0.10912694393253208,1
97,76,0.393172507207776,0.04470550115612976,1
45,78,0.43955915378108235,0.47236601114570514,0
50,52,0.49459245490667947,0.37167641144681207,0
43,98,0.20079011821274373,0.4189128676416227,0
93,92,0.4153212588753123,0.06016938101749797,1
82,73,0.19204530574562478,0.018365968713306813,0
97,42,0.4131028478969829,0.40038484356493753,0
93,86,0.10816201151827676,0.2591301833381961,0
59,97,0.2625157504301341,0.13011668397576365,1
74,89,0.24559317043431328,0.49816788790336214,0
42,71,0.23169037410780996,0.31146869146755934,0
86,64,0.2964699674208516,0.2900431039189056,0
73,50,0.4387304313151902,0.13280002129435303,0
67,68,0.4443740399344886,0.4778257491148767,0
51,81,0.40475803736243904,0.32762099031951086,0
44,50,0.04349337995570507,0.20422660653534935,0
54,77,0.1298768918801631,0.36171005684429247,0
65,57,0.04052310795382397,0.11009160097490567,0
52,67,0.03806542974515009,0.42560345702438435,0
79,84,0.240293288663324,0.2962038923297588,0
97,42,0.17390460395109653,0.3390080762795318,0
66,52,0.13351413508471066,0.439314993177579,0
58,55,0.32922591732921275,0.42529086454712095,0
98,87,0.3541814883575174,0.418506664181836,0
64,92,0.3400703858801502,0.30930568910759215,0
77,99,0.07930255264653685,0.4404353795994642,0
97,96,0.014623641517279573,0.41290837528238133,0
49,71,0.16755942712957095,0.3717541281458039,0
70,57,0.4089835120595311,0.41606708897887096,0
68,51,0.00319293585841679,0.1435190665874564,0
85,66,0.49059308901371174,0.3159067635083342,0
70,73,0.3170028515498057,0.26999268985792774,1
74,87,0.053490319413479204,0.380513951251014,0
49,80,0.4814960019294973,0.17093608301934304,1
99,54,0.46601405275500873,0.05125486399533963,0
43,59,0.3439428611504067,0.03391852955258595,0
66,56,0.38549214626606776,0.3542860023013147,0
93,40,0.028960230279399146,0.03734720887892701,0
57,89,0.4950741863753235,0.3380261285933772,0
51,75,0.3237868217009538,0.29719792961427266,1
51,46,0.03281307228700647,0.4107564737037205,0
86,54,0.40939282167854685,0.1262543748441911,0
62,65,0.07946914163837826,0.23426970838429217,0
43,56,0.05109680984685949,0.427104887230783,0
54,94,0.4129603828999483,0.1491872154949963,1
71,41,0.38641139000840224,0.11502684151571696,0
50,66,0.43402716126614643,0.48161832672006594,0
95,67,0.3656350334868428,0.4547622554739092,0
76,98,0.48226023613510427,0.3800470392190486,0
44,42,0.15597599524756522,0.16037137021906372,0
77,54,0.37291850601548215,0.10017957177435632,0
88,64,0.3574620201011238,0.2813751431716913,1
83,55,0.27161640289497907,0.07962286913963224,0
64,56,0.04558224520309584,0.07682901908055634,0
66,85,0.26517719686412805,0.008930946239159687,0
68,83,0.016263089745625958,0.4604239239078434,0
42,59,0.39826864548808816,0.24076117575627504,0
53,46,0.06259289610127522,0.3427826436144857,0
75,48,0.10026236335016836,0.24579727337071844,0
61,93,0.16296273197603744,0.2951319694428112,0
47,50,0.49217570370145197,0.07479032133378288,0
60,57,0.3402283131796626,0.19777254193998434,0
86,70,0.36094381396346753,0.32849192878224653,0
64,72,0.4763243190193585,0.4539093264923201,0
50,61,0.37458081955064154,0.07296103701757273,1
51,96,0.28545225092208215,0.00918381847027,1
93,61,0.1051747899594343,0.17300828382241978,0
79,71,0.47061875211619325,0.03620813607317075,1
72,72,0.4412667429098,0.04125426722021064,1
52,91,0.17890067546413568,0.16104735110966767,1
77,78,0.10042954493114709,0.34659697041134047,0
54,73,0.020591747639635838,0.3351927291772061,0
79,50,0.062109983364029675,0.44811065134251915,0
48,45,0.308302290931237,0.30647208743280296,0
80,89,0.46760090764972984,0.47367523131551936,0
67,59,0.16972509627140303,0.4074125568732561,0
46,50,0.4474083280302638,0.2737961880768681,0
97,61,0.22615914225915007,0.3217888475982625,0
80,99,0.36579476087766594,0.04081499101529479,1
93,51,0.12355161700507322,0.07977234005659417,0
84,90,0.10960699367902216,0.48793262790956565,0
75,84,0.09105895784434964,0.39484925357123957,0
94,71,0.2490978582265695,0.2776817754688156,0
57,58,0.11422737066564936,0.49816695802837097,0
80,98,0.32516284317346844,0.09977122546457257,1
74,68,0.20919989433382635,0.10178914017112134,0
46,51,0.08709666828912682,0.48039027574348847,0
97,63,0.21274666722403768,0.17296749627348146,0
83,59,0.2524224409465089,0.2716502616816442,0
90,71,0.2940291890450396,0.014697222878253646,0
73,75,0.4367116190408303,0.45035093200562926,0
45,78,0.1384138986175258,0.2961751642966811,1
93,51,0.19192357593389814,0.23290640351012426,0
60,54,0.11789604697960493,0.38800010351771475,0
75,87,0.30092769183100426,0.31627026661315305,0
53,53,0.2563076026029026,0.2065155873238485,0
77,84,0.21858269440841327,0.048696696276776086,0
86,53,0.2574086769648451,0.17961668469988284,0
41,78,0.08176193629251138,0.19554076832588035,1
96,67,0.12906671635056377,0.3283683322706461,0
40,79,0.2993569900500538,0.198329888171781,1
62,86,0.11733701913077554,0.4418548348303763,0
93,53,0.16544468149458597,0.22438878691570152,0
51,69,0.07287828412237585,0.22471691760686885,1
47,82,0.4742916774257169,0.12626389103770963,1
93,59,0.1896792949612119,0.3027690788224414,0
86,76,0.2667559626498478,0.3908951649225147,0
95,83,0.22318432325629278,0.43210808883708446,0
45,83,0.26995291975110625,0.01709388296957909,1
53,41,0.06148540426481336,0.1155654562138233,0
65,68,0.32000148341845686,0.11235058848634,1
76,92,0.044277792111620695,0.05165447856200783,0
90,53,0.3441039329332977,0.1986894942322005,0
89,63,0.34298386799149205,0.008689895092739819,1
64,89,0.4865488740351732,0.290056114847734,1
95,86,0.26086502331810657,0.17132674406045767,0
77,59,0.06287075590332442,0.06635732690963869,0
91,55,0.46990989596342086,0.3664494591706709,0
47,89,0.09417454188280072,0.3654147374354382,0
68,71,0.11728064666741433,0.4816734164101995,0
86,73,0.3308161751855734,0.4893156437002652,0
82,49,0.008757995431031118,0.12207364521118713,0
65,47,0.43230441797751834,0.3842596822618956,0
66,47,0.3977551858482016,0.45933889849675213,0
40,58,0.4704376781690324,0.4134194418559387,0
87,44,0.2885926183558741,0.17428683362098524,0
41,89,0.3024769613452704,0.15905577680905975,1
72,80,0.49666846867931425,0.37621388130778627,0
92,52,0.14434279776531905,0.05455481588287486,0
73,77,0.16351658078161935,0.33379669278179236,0
45,73,0.3811425673883079,0.39890682442931724,0
58,84,0.4089171080875108,0.06010452768530422,1
93,46,0.0028793302490607853,0.16229291495013515,0
51,97,0.1980863458046277,0.3477336033449311,0
99,68,0.22434681131126533,0.11877206543716373,0
88,74,0.11363481363157574,0.03659796188422182,0
74,47,0.3341063992775081,0.30974517300480725,0
85,48,0.1898928900896149,0.4316668247859126,0
87,41,0.23959093881486548,0.012821032903217844,0
65,64,0.19009780939292853,0.19941139044845024,0
76,54,0.26680127336343923,0.3039525463967223,0
87,62,0.40649286935804674,0.3590615381132472,0
98,82,0.009116291338180815,0.09788899284177305,0
94,55,0.3237373570773015,0.44901527447499345,0
64,75,0.4635172723981533,0.030133695144780426,1
60,52,0.1758113436198172,0.05071041422460826,0
43,87,0.26154236229089234,0.33504801730547085,0
68,86,0.2661301066695201,0.29046602663139887,0
81,75,0.35881789295431477,0.1999526034020781,1
52,43,0.41158700779783014,0.26124052025805916,0
46,70,0.4297078966402946,0.3998905477120108,0
70,46,0.14763914461015504,0.39670362907391865,0
81,95,0.4814634376187899,0.24177282335996236,1
46,93,0.2751132710781309,0.021706266427409582,1
81,86,0.4757016711033285,0.3008059100731656,0
93,60,0.4421032316742039,0.11403988597446624,1
48,54,0.30549049442549586,0.20551423490335236,0
81,47,0.38497235012583947,0.2783185289683586,0
66,76,0.15103025091739752,0.36597903379281727,0
75,99,0.3357123347653072,0.4047649878842209,0
58,75,0.07485198397847886,0.211972406456651,1
44,86,0.1176177924009924,0.4346298123255263,0
72,94,0.26767905092133043,0.08922298261388606,0
76,54,0.11512308421393497,0.10309308225921321,0
50,49,0.1284419238228574,0.31600774301020923,0
96,64,0.49389276010744365,0.06821987627836656,1
60,57,0.20215938405214606,0.21409980746280738,0
78,80,0.3462180756621848,0.49562799685109415,0
99,85,0.05205482469208317,0.3621694085643706,0
81,71,0.13708033327990293,0.0397096844944933,0
79,76,0.44709543733205914,0.09593366235937145,1
47,72,0.11332820111349401,0.17749815291596865,1
43,52,0.2595298954541352,0.03380628179610745,0
44,83,0.11685604095521651,0.2700059573022553,1
77,47,0.3254386845235971,0.26647889327566765,0
97,42,0.0951624314095339,0.026169437893254155,0
83,41,0.181472135922996,0.4977402453521285,0
62,69,0.1667847747361002,0.2902375033583373,0
97,75,0.4808328679774066,0.31748002279551657,0
86,96,0.08523896908695877,0.20473892650260195,0
69,96,0.4109032219505434,0.0006183398797047213,1
55,51,0.49061818717215194,0.2374432717531093,0
69,84,0.05991450100882317,0.4870823143140078,0
93,44,0.36859011250362156,0.3842999023942542,0
40,96,0.33577922180651865,0.046464572189694964,1
61,57,0.3939509941461325,0.4323430960167701,0
92,55,0.2534192159102413,0.07965201030949015,0
53,75,0.1515641779726643,0.13155628495542143,1
41,80,0.04382137338191927,0.4684789115155314,0
48,40,0.15276215532901177,0.1984907585371417,0
62,65,0.30029716668030865,0.2578397138482489,1
74,61,0.24848174145291513,0.49607900741165634,0
76,91,0.1042552571786679,0.46529760732195813,0
81,77,0.4087248542455958,0.19031164673829004,1
63,81,0.4340283450537252,0.4029627000588106,0
55,46,0.1523395695490204,0.04045964152562609,0
60,74,0.08676225749325434,0.34747554445123086,0
57,53,0.48780510042995745,0.320486038672666,0
64,41,0.06626233637092421,0.4310072411363113,0
75,70,0.24353095940946795,0.3031264688754887,0
93,85,0.08741931363020627,0.2512830382317212,0
80,45,0.07318699608112456,0.18376721114576572,0
47,60,0.012905953474743492,0.06758314457741138,1
43,84,0.2747647679475085,0.48291108057661,0
71,67,0.1559080665426298,0.25307093142012205,0
57,68,0.052832342130871957,0.3204131573451031,0
68,82,0.3097939774489148,0.3251005461990767,0
58,70,0.03067481355533408,0.3903807930342199,0
49,64,0.029081897752737895,0.4974331585848836,0
70,95,0.14867752411841945,0.2151685887544606,0
48,74,0.037314907168540856,0.3913480203720746,0
85,90,0.0888831939256241,0.34580902778465966,0
72,43,0.31659481300673203,0.11444730242330681,0
76,78,0.11040131489281957,0.08687629783114725,0
75,99,0.4240079426247007,0.3621587348383306,0
76,91,0.2023992145425999,0.32703789768599906,0
74,46,0.26275231098432,0.24081742326743116,0
46,76,0.1935393801678154,0.4819111377411755,0
94,41,0.06690186813974436,0.20929031081196764,0
77,54,0.29107411488998614,0.34048741361912227,0
95,78,0.30947409650386076,0.16175019745573688,1
65,89,0.3146494030053681,0.09942813888764795,1
76,84,0.021316604643516368,0.18570428382507037,0
88,99,0.323045061731254,0.24966691748930914,1
94,92,0.2441205685108891,0.07502433234699213,0
91,87,0.3686785386938998,0.23800906468438326,1
80,68,0.19723813928501766,0.22972338420299332,0
60,81,0.4460423444701172,0.47766734325196414,0
56,95,0.15770344787400636,0.3440673530432711,0
99,87,0.1273353110230256,0.4204357897129613,0
97,99,0.3905852118934596,0.4125660979643519,0
94,73,0.19317445492415775,0.22506221620987982,0
88,54,0.4446954580644221,0.22530982836487895,0
84,58,0.052846739953137045,0.4941376355000657,0
62,76,0.023915410197052733,0.019010924118727457,0
62,82,0.3295177671018404,0.40106527906379374,0
74,63,0.017785433517774174,0.25428964472378923,0
79,97,0.23097346833547788,0.495794204435137,0
91,54,0.4711576948365964,0.3919213383838369,0
90,82,0.2060654651313858,0.27480802185946224,0
93,71,0.03435641625913388,0.21214844294244406,0
86,71,0.2573287932867558,0.4494504120031177,0
47,79,0.3123317844271319,0.19096981982644795,1
89,42,0.060693209079703214,0.3075064840194333,0
53,80,0.32195212677056534,0.26515106662457916,1
89,49,0.3993570958272873,0.14641101835048237,0
79,41,0.30094079481816105,0.29121132910362324,0
70,55,0.4058848940450688,0.3282393036657513,0
50,49,0.1691337529972492,0.46404182016302487,0
94,48,0.18608351191875666,0.216038441472098,0
99,97,0.30646979124726276,0.4715379188723538,0
69,59,0.06075068815045903,0.09873524492996866,0
85,88,0.322905406327603,0.14295339461958007,1
71,69,0.430684998181718,0.423257169345139,0
80,86,0.1261205100866808,0.37752096437313915,0
60,47,0.37409595298949877,0.27890661275553497,0
62,83,0.026929103499013063,0.16002991626049173,0
61,82,0.13466564915101253,0.26977811024775256,0
52,57,0.053971857323232175,0.3426490080579367,0
91,66,0.48256487106349827,0.2441970650324698,1
62,63,0.17119181801677325,0.20670822464763072,0
76,72,0.25418027345814,0.1487742256594103,0
58,62,0.34444265102504534,0.43666145793040384,0
86,64,0.380560768521579,0.0800358174772865,1
81,97,0.004665809913546648,0.12333943226081151,0
44,42,0.4959049756746817,0.04958904979360795,0
71,81,0.32878015638901154,0.15546446500377709,1
60,85,0.3079927251300895,0.09401236730770807,1
80,87,0.3918958922426986,0.2771132570660083,1
61,81,0.3804953800140469,0.017655677470119535,1
56,53,0.1012402800826187,0.4790367400596901,0
96,59,0.16346580816903955,0.07444402516622234,0
94,45,0.4383253809141003,0.49816716881362366,0
43,86,0.22430531547727128,0.3610354691013685,0
63,93,0.2965221670933921,0.19576284908891467,0
60,93,0.34780907324840343,0.0016091318021393408,1
77,85,0.1777465052206787,0.3970986656385421,0
59,56,0.29410113347419525,0.24048644494306187,0
53,42,0.03242679724148417,0.28999189371406564,0
94,91,0.28033004720808546,0.3017438332982274,0
73,69,0.4024944998403849,0.13491036006410717,1
99,58,0.2491278411317268,0.03852913956716558,0
61,63,0.1671191593480304,0.3924484885557338,0
77,92,0.3943074823362032,0.2586345282208047,1
87,84,0.07372626335314197,0.16409637680465577,0
94,72,0.044300214839808616,0.11030597635560563,0
98,67,0.3678315571195949,0.4991737556964748,0
99,93,0.32128259976759577,0.210624026647036,1
43,59,0.392825809040116,0.05916809546169366,0
45,86,0.4199011428178086,0.191916475966522,1
48,65,0.2938846804310991,0.09223812656681968,1
49,89,0.08264705548508727,0.3501259797222605,0
69,93,0.1365354049864062,0.2590393831194077,0
84,90,0.47033962255767026,0.12964837943288687,1
85,65,0.4363651252423009,0.4209667833959043,0
76,59,0.4013216548978552,0.22909344336894633,0
44,75,0.06673998620797189,0.04030075687856233,1
78,78,0.24823057617764988,0.21842535130758978,0
96,75,0.3827564494955549,0.07945408383467678,1
99,83,0.06767704113884276,0.37568754301452284,0
63,64,0.478307310541729,0.03447900817821059,1
83,81,0.14109353734660007,0.13085284186795298,0
74,94,0.45312729026051835,0.12477309992475305,1
55,55,0.37969913120898185,0.22486992122527,0
52,45,0.03268307878219262,0.24378559683669215,0
95,82,0.03132660172767726,0.4532187266722055,0
96,60,0.26621034113760855,0.20554780130035327,0
46,45,0.44991667284363623,0.01091169838774475,0
95,50,0.4816972171067752,0.28008409173092097,0
46,60,0.026128939643011884,0.2093966595370807,1
53,96,0.24724056564754648,0.48977542019087844,0
44,42,0.3625778637755574,0.0955953507323945,0
88,58,0.15434937168659763,0.4735179938693615,0
51,96,0.09150772211736358,0.011017580148752093,1
92,43,0.20899496693524217,0.04442012254378219,0
61,94,0.27255276413034984,0.490258411000553,0
73,67,0.36140715160424186,0.03383418095000079,1
61,88,0.27176910867132303,0.04086267287338913,0
45,73,0.2423481435650235,0.08288727008163788,1
41,61,0.42498768574033097,0.33451116866455416,0
73,55,0.20588277079225425,0.3254867335754771,0
61,51,0.031136552940942808,0.25625132438516585,0
99,98,0.22961993879847903,0.025978288777134206,0
88,71,0.1293104174440194,0.08235317671614795,0
43,85,0.377053840158082,0.008972839284245915,1
79,60,0.3298146831973711,0.08080990564293572,1
53,66,0.4733189770998036,0.28009112918745593,1
67,65,0.27899036939131994,0.2762568073913626,0
95,42,0.4546101029307801,0.2693508989763571,0
91,74,0.05273684997831529,0.328390052362147,0
64,98,0.19021000375378116,0.38780592546266374,0
90,50,0.10188322956384455,0.26166481559737065,0
63,99,0.3964272095169197,0.28879668294057875,1
60,47,0.39895707980794703,0.19798523633122744,0
87,85,0.26651443362307,0.078977411417674,0
59,45,0.3966306752191272,0.15838083853376334,0
42,84,0.4530716273828832,0.13845224368890446,1
79,77,0.07035576402437921,0.10100783420124498,0
47,76,0.3663176173504164,0.41018875372448665,0
76,43,0.3992966361913756,0.4838779385516944,0
58,71,0.0588219940796626,0.3698651660427703,0
94,55,0.49420799470603827,0.24267949157994356,0
92,60,0.3625927740136954,0.16150559919310692,1
67,77,0.48989122892726095,0.32806700901029034,0
66,44,0.2798778418191913,0.26369981106133816,0
64,59,0.44512902650890107,0.03970329232151476,0
44,74,0.09370597204879111,0.429088526578582,0
91,77,0.2703968774927722,0.35512139931165576,0
83,96,0.23558394946640732,0.41081844885523583,0
83,48,0.1788991326627209,0.24710622362514995,0
42,51,0.16760402368543637,0.0868807965678719,0
60,67,0.4129891063540409,0.050318739261766665,1
60,74,0.07098599488049695,0.1739707057910833,0
86,57,0.37441316848165324,0.32557379244083706,0
87,61,0.3690345616692586,0.4030979405018954,0
69,54,0.12698743728601236,0.015557799958678842,0
55,73,0.1625520077158495,0.3431635983430487,0
67,86,0.0874407185879797,0.42786862945289317,0
99,40,0.41852056262147,0.13963804422720522,0
42,43,0.433193257125671,0.10776493439566592,0
54,60,0.01659467728121311,0.1519732006203619,1
85,91,0.46915240922424134,0.435602241131526,0
78,48,0.39422367162664934,0.33249245173799763,0
57,90,0.4535975153529149,0.335366155952917,0
62,98,0.05549473460674054,0.2235277719032127,0
77,53,0.432281804761335,0.27332411009389423,0
74,58,0.48840016425532967,0.05536029666315784,0
59,88,0.021012337585702645,0.3699520603834652,0
65,77,0.14001866477524472,0.42917083839956044,0
58,85,0.4553850808219576,0.37698095179839197,0
48,67,0.00900327780022725,0.481405178537013,0
48,98,0.3141190552316407,0.2663379433807775,1
58,86,0.22492110398627962,0.10922159144165355,1
92,75,0.04826723509772041,0.12094691412941949,0
72,95,0.14191422351176014,0.4122674040435161,0
92,74,0.11317574717074297,0.36512307354507295,0
80,43,0.03224563562458377,0.4386197285811002,0
41,80,0.16520400193788692,0.17020292167478235,1
95,94,0.26565826028402956,0.4190760917759622,0
87,69,0.21459129669817845,0.13388833774416709,0
85,89,0.286674672817609,0.32941253507003526,0
87,59,0.11011265068865755,0.24418731449146935,0
92,48,0.4548134097182962,0.3346001314690392,0
56,73,0.43948945014113366,0.2858861760241611,1
84,62,0.2152137051604951,0.15847329389555964,0
51,85,0.3869398278650782,0.3009617155075658,0
65,91,0.22169000718959386,0.303544789359377,0
90,77,0.29584858115316276,0.35131688654275817,0
43,94,0.2561818887728953,0.052112401404173836,1
61,51,0.2438335343106322,0.32611212977273624,0
41,63,0.30032553327417794,0.3717969580882799,0
40,47,0.31705201568816566,0.035466108066886715,0
64,57,0.18092654660256935,0.23624667750325679,0
65,66,0.07001204877665884,0.1384071538956529,0
40,96,0.16567350355152538,0.24102052905604127,1
79,53,0.30539003553788413,0.14034160775798715,0
95,88,0.25828631422298953,0.0027528995802104106,0
85,88,0.10953440455092889,0.01836068125041057,0
99,72,0.1694303246693758,0.40129283978990643,0
88,81,0.14674441160406082,0.4658768597164082,0
48,63,0.043546383397885746,0.30853325805890064,0
63,60,0.17261157140084604,0.25370596935890444,0
80,78,0.24677329017005933,0.35112938301583213,0
58,50,0.06574455994899081,0.13736576275975976,0
40,79,0.21091408926941568,0.20551053763277288,1
47,92,0.1290866270955846,0.3373039264581081,0
72,84,0.3592146149093676,0.4770165637925203,0
44,47,0.4314402514562062,0.0010519215879417065,0
69,84,0.41479377843262516,0.02027936877234071,1
59,57,0.12834711415502292,0.3326460509890276,0
72,75,0.1845265108804583,0.06051250024259652,0
67,79,0.37558902390420906,0.03550383226662773,1
97,90,0.1773856459179921,0.4708628558094625,0
68,80,0.3232250450623035,0.4440195321800589,0
52,49,0.25107680498099344,0.0694356631982585,0
48,96,0.0771607826415397,0.08592424066354726,1
45,66,0.37049062513728925,0.26499576146320936,1
42,55,0.4956316133668166,0.410006314559678,0
80,51,0.14752035382707812,0.2430002468988015,0
84,54,0.02186953615447368,0.06150164756187282,0
88,70,0.23330389234860793,0.4083616012792723,0
77,67,0.19369629283432965,0.4259206184369738,0
75,74,0.03880732236572043,0.2712671842661257,0
77,97,0.29514277147657986,0.1131395541071159,0
71,42,0.2250616805909661,0.2896331769102634,0
80,62,0.15943340916056942,0.29109937329705693,0
97,98,0.3005370834001165,0.3527929313219123,0
72,63,0.18727644351006068,0.08343010084937641,0
76,46,0.07129707204095437,0.44504851759190417,0
40,86,0.07722987361166189,0.012723879952875439,1
99,57,0.3184511587273716,0.17030208329064583,0
70,66,0.204814447447616,0.1556087475316968,0
77,44,0.2655426724426214,0.42086168087233805,0
95,51,0.27984422241896995,0.05262959259850619,0
88,84,0.48601262824829555,0.11424337337738538,1
63,98,0.2659563532621317,0.06789452353196856,0
65,66,0.10443203535286999,0.4628186650126679,0
66,81,0.19771713399645718,0.156603130535087,0
54,92,0.14462238598632726,0.45004159150824036,0
76,81,0.18740178389089818,0.23700321424157794,0
45,43,0.4974289865296608,0.27269056060915126,0
68,52,0.303438670788465,0.07579214643493998,0
56,84,0.48537107683862407,0.38676944576728195,0
44,76,0.23893922401112122,0.26612876557448806,1
84,61,0.12345371333379279,0.4192746074514141,0
42,81,0.4134074868982095,0.3545068621435159,0
97,88,0.25372318305987107,0.3386936607593584,0
60,83,0.41534425526003843,0.2724138287725934,1
40,67,0.2914922130823012,0.499856902077957,0
52,86,0.40837846505976405,0.10365450159377898,1
56,74,0.4401573810744635,0.31170297907972006,0
96,63,0.310330239912292,0.10065605391121663,1
60,47,0.01972976644544966,0.23777301874341333,0
75,93,0.1138748680516048,0.48201442358275687,0
92,73,0.36107161772795293,0.2666933143826813,1
51,93,0.06532617191173146,0.3952548971374425,0
67,44,0.3971053312747027,0.13788378412567848,0
85,97,0.4720210469126989,0.07439798470255782,1
58,65,0.49049368908134255,0.2417037179865733,1
71,45,0.2943657610656599,0.18766495395980093,0
77,50,0.10161154554304364,0.3808990956888486,0
54,66,0.2556377311003756,0.24616274000059096,1
89,56,0.4327885728122761,0.4903696717917147,0
57,67,0.41375946105315153,0.3822638973273588,0
43,46,0.47802357180596655,0.10023725776420139,0
48,47,0.4269809834777111,0.21957490831687415,0
88,72,0.44654510259770747,0.03122879680953572,1
77,42,0.2241595276847111,0.2552162445021161,0
85,70,0.36701488129465315,0.38129819734708764,0
61,68,0.015274728546689986,0.43602416922350384,0
49,81,0.31627205498291394,0.32223513856051683,0
51,41,0.16670366107955525,0.3665255949299967,0
69,96,0.39669700715267386,0.4952730163850667,0
89,47,0.49732432077999894,0.044906077141387,0
69,46,0.02208096808891563,0.17089120236838085,0
76,40,0.034514770443924814,0.002832907264783635,0
47,44,0.4109633179699648,0.4045915855695155,0
40,75,0.3500171363860522,0.05220206487404072,1
62,48,0.36157474323231475,0.14016723039576046,0
43,69,0.012249224133826175,0.1530686704397966,1
47,42,0.31604491475312113,0.2885203322309554,0
71,73,0.003044374119919535,0.050470599988760745,0
77,55,0.3408743220450806,0.05646582134300565,0
73,81,0.12111560891228346,0.23912994209761174,0
41,41,0.35505502821085333,0.3334272105071339,0
70,99,0.4317003834285009,0.2006530121098561,1
62,53,0.07616479473226773,0.13308400625776873,0
93,68,0.2916287462280578,0.42111537317197395,0
56,80,0.10963698096193786,0.01683458910693636,1
58,92,0.20806071403554616,0.37980571434989824,0
70,56,0.35989572667734304,0.43346673417594184,0
49,49,0.41071599582129664,0.2773286740175478,0
59,71,0.26313923016910135,0.23158635837567088,1
85,91,0.15159702973052303,0.1449850594718045,0
69,43,0.07143798066970586,0.3876730752015678,0
57,51,0.24834771140897327,0.14213704646375835,0
57,95,0.3147788484458683,0.027166017411451915,1
51,88,0.15879339763055833,6.734650224266003e-05,1
97,68,0.023425954263801563,0.13808477891044973,0
77,56,0.03134481081093293,0.41966924617800117,0
80,45,0.12341193460095112,0.3704520280760357,0
68,67,0.050946194033006764,0.18011695940021394,0
58,48,0.42135595108027746,0.15667395879257157,0
75,57,0.44593607240536737,0.21690870978826476,0
88,45,0.18865902698159642,0.4820392082450541,0
76,56,0.34350963325162137,0.24690702022846434,0
72,99,0.31635593937430045,0.3519285458171656,0
49,86,0.08347654437359936,0.35652302531715935,0
52,76,0.4830237525643386,0.3805188951253915,0
56,43,0.3512702507674035,0.14902610431972158,0
60,59,0.3909119316724678,0.32207461073795796,0
81,56,0.18002523295048917,0.4783999077421431,0
67,80,0.23798386550582795,0.055488762292574045,0
53,74,0.1849066279935883,0.0261775100937362,1
80,52,0.2082522159519395,0.41108994340821164,0
70,41,0.10599702734932903,0.3286767410850643,0
50,93,0.44007836896074254,0.10787033958822706,1
84,62,0.3038760611263613,0.1476507387859164,1
63,47,0.3258198802386383,0.36929872906616534,0
67,45,0.3224163020111569,0.19756545380575163,0
79,93,0.09960763744702655,0.4451075013180872,0
99,82,0.18389299387807645,0.029045976040174892,0
93,93,0.25793095135616406,0.13379633836398575,0
92,49,0.007346694327476921,0.1895470243359681,0
63,41,0.009663815458800518,0.06218419950025511,0
49,74,0.24643229222372331,0.20214487362743455,1
56,51,0.29756583745284076,0.004961910563917815,0
82,64,0.48174962044379416,0.25951614006477436,1
77,40,0.1559319289584416,0.38699568907638127,0
86,56,0.2606480238270695,0.4880069116396068,0
66,93,0.008473832444790497,0.385079105878548,0
69,80,0.06010361456028812,0.13279141647930304,0
71,71,0.14665430539028235,0.38657093695933575,0
97,46,0.17404779658414404,0.18586964745316514,0
55,55,0.14990026378261795,0.32322937081896524,0
46,75,0.42353041349194975,0.011797482322764563,1
50,47,0.39159920664931297,0.3901880617854902,0
47,84,0.1990026464772514,0.1514578644165963,1
42,68,0.11411768174684955,0.12330181748901231,1
67,52,0.373722203298347,0.2369049141989733,0
65,43,0.47889490049410194,0.4713621595470561,0
44,95,0.4956639507821103,0.27224116640013146,1
54,71,0.03780252030837539,0.18284037413068566,1
98,65,0.09791654206713502,0.07040147444633804,0
65,64,0.39066092787365253,0.2891491997101803,1
50,52,0.40556188496673545,0.31797735358186424,0
86,70,0.3370651477680315,0.12995248962141642,1
88,86,0.4587429215659951,0.1452522528357102,1
99,96,0.4450705686980073,0.35386067513376374,0
89,65,0.07365152213948517,0.003920795385958409,0
91,80,0.22383671270520916,0.06713742545113777,0
89,77,0.26482986197280994,0.12094664705644459,0
97,60,0.4811551014938921,0.31045429510885403,0
61,57,0.2734298204875631,0.09015396771138906,0
70,69,0.2804372316813088,0.4319807903675051,0
47,83,0.4488373363389783,0.33717448951173445,0
56,87,0.4974906846625465,0.2636163303769563,1
70,67,0.32955688223476326,0.05444665699051954,1
43,74,0.24911800024963648,0.20333703499929157,1
98,65,0.2612698583660266,0.10955873973496921,0
76,64,0.4596937022863363,0.08804773566529733,1
77,93,0.006514783878541874,0.00709502469788359,0
83,90,0.3660613034214779,0.17752052822597914,1
56,82,0.1976029631549851,0.47644839799891375,0
73,94,0.1963968879046717,0.427110953170434,0
69,71,0.15499996858589465,0.11601991445055299,0
82,78,0.3906744203072031,0.4800838923643727,0
89,61,0.427603492509185,0.30153215308525827,0
76,49,0.3922104290017088,0.18849277096314004,0
67,81,0.4023765609948474,0.023028367094978186,1
81,99,0.08894406202451172,0.2573418085607195,0
87,66,0.12691053907834743,0.1229037196530765,0
68,42,0.44732139878881727,0.0002213907186039421,0
75,48,0.07690351232080389,0.49504318803374103,0
73,90,0.24733759479564166,0.2563601239063141,0
46,88,0.3177218228297613,0.04536085111746552,1
69,74,0.02885146420794943,0.2221826746207572,0
65,53,0.3110197811854969,0.4962211446873895,0
68,59,0.2869206270522567,0.20780194795366774,0
40,89,0.45111820173111905,0.43867780610263,0
59,91,0.013759592570207646,0.4199080810727655,0
80,80,0.11434720470018239,0.4781600466937638,0
61,73,0.3397749635669542,0.11244510840795624,1
43,44,0.35957994847228447,0.28166232101652333,0
60,74,0.1631692154659936,0.41982982785439515,0
84,99,0.21505143826490003,0.4518787858875711,0
65,79,0.20047088123652335,0.38155418180065415,0
62,81,0.4444437120018149,0.272252884524614,1
84,68,0.12765453825196582,0.1478473370208021,0
87,78,0.01640481206430422,0.31802123438998414,0
66,43,0.14762090124482108,0.4397482853640632,0
40,42,0.04752652276634639,0.4133733840131235,0
75,73,0.3869531108853326,0.17630130296442909,1
43,42,0.2578297029282267,0.2316468266363984,0
92,95,0.14501459682445295,0.4655049854426499,0
70,92,0.3827733752579304,5.817377683070557e-06,1
96,99,0.2612550905427942,0.027317210000486147,0
49,79,0.11306266562483597,0.15209935981814043,1
59,42,0.441367190336711,0.025950471793654506,0
43,67,0.15504226917137753,0.36586236828210644,0
75,86,0.20797195229092752,0.37953446962918785,0
97,89,0.44802039982860953,0.4090133745693465,0
87,66,0.1357192888171001,0.06267823789619281,0
87,98,0.49977195935954716,0.2028755843075305,1
55,95,0.3812414422377765,0.27123550173132804,1
47,88,0.19034484058043288,0.20723485776967165,1
81,49,0.010335684445952231,0.13450982339915524,0
48,56,0.4761108928487973,0.021211149103445848,0
96,56,0.30077693964991203,0.14827995610296535,0
64,98,0.3795026412609655,0.051257982033237226,1
40,64,0.08604461464762969,0.48620999952005167,0
63,41,0.3486046909548184,0.3571633178674988,0
98,45,0.46049726054828793,0.3472977136266427,0
78,96,0.1370357946710955,0.4035354519333515,0
68,48,0.17267097612244392,0.16780522713492135,0
91,92,0.4282686118739634,0.35058493079512987,0
51,87,0.28103639720128554,0.47354533355425954,0
40,56,0.19025885493494726,0.0815176684657955,0
71,71,0.3672219660377957,0.19217751926206744,1
58,82,0.41949866385900536,0.005708991727036816,1
97,72,0.4851285548630285,0.21883066407410173,1
43,63,0.35243550502169085,0.4085640710077926,0
96,72,0.4835176376280731,0.02583436082898055,1
40,44,0.35922697366127504,0.4313202355745895,0
52,87,0.4000017408818407,0.27635353785927264,1
51,55,0.06585751428954678,0.4326478794544562,0
59,70,0.15489392960454962,0.14502276598121844,1
95,61,0.336351497104449,0.39834069859568616,0
46,53,0.31243704980349946,0.28587299157187435,0
55,94,0.45304353024063027,0.006078385738693404,1
55,47,0.02591789955986451,0.27442933253867796,0
92,50,0.09571384024977125,0.2058277302283512,0
45,72,0.21527010475359498,0.4389922484924174,0
44,93,0.12356577733069596,0.1779273796296057,1
89,87,0.16673129679800525,0.338770472751767,0
98,41,0.10270070423901467,0.19072052070665574,0
72,52,0.3924309114794401,0.36674337324605194,0
62,53,0.3904979468074957,0.39263440575800757,0
68,95,0.49518089099918594,0.16262695296227597,1
49,80,0.49018437047109253,0.03375127334191097,1
68,49,0.08968234100610523,0.48533827270487206,0
44,67,0.20180050118079562,0.3689424924173031,0
65,59,0.21136431844696613,0.17326208397635912,0
51,46,0.13213813157931964,0.1026664693533999,0
64,74,0.13426687803380366,0.14373083244862506,0
49,77,0.4842686658499461,0.30181860027968754,0
78,66,0.03779180692703349,0.475711610422783,0
66,80,0.046033493041237716,0.2995222935751908,0
